{"stats":{"minecraft:custom":{"minecraft:jump":21,"minecraft:time_since_rest":5429,"minecraft:crouch_one_cm":720,"minecraft:leave_game":1,"minecraft:sprint_one_cm":8877,"minecraft:play_time":5429,"minecraft:damage_taken":50,"minecraft:time_since_death":5429,"minecraft:walk_one_cm":12249,"minecraft:sneak_time":184,"minecraft:total_world_time":5429,"minecraft:fall_one_cm":965,"minecraft:fly_one_cm":54068},"minecraft:mined":{"minecraft:sand":3},"minecraft:used":{"minecraft:spyglass":26,"minecraft:sand":3},"minecraft:picked_up":{"minecraft:sand":3}},"DataVersion":3465}