{"stats":{"minecraft:picked_up":{"minecraft:melon_slice":27},"minecraft:mined":{"minecraft:melon":5},"minecraft:used":{"minecraft:melon_slice":2},"minecraft:custom":{"minecraft:jump":93,"minecraft:time_since_rest":9667,"minecraft:walk_on_water_one_cm":3813,"minecraft:sprint_one_cm":13680,"minecraft:play_time":9667,"minecraft:damage_taken":20,"minecraft:time_since_death":9667,"minecraft:walk_one_cm":9911,"minecraft:climb_one_cm":1917,"minecraft:total_world_time":9667,"minecraft:walk_under_water_one_cm":1077,"minecraft:swim_one_cm":2037,"minecraft:fall_one_cm":3859,"minecraft:fly_one_cm":15129}},"DataVersion":3465}