{"stats":{"minecraft:custom":{"minecraft:jump":78,"minecraft:time_since_rest":6897,"minecraft:crouch_one_cm":154,"minecraft:leave_game":1,"minecraft:sprint_one_cm":41521,"minecraft:play_time":6897,"minecraft:damage_taken":90,"minecraft:time_since_death":6897,"minecraft:walk_one_cm":12446,"minecraft:sneak_time":457,"minecraft:total_world_time":6897,"minecraft:fall_one_cm":2780,"minecraft:fly_one_cm":109716},"minecraft:mined":{"minecraft:sand":1},"minecraft:picked_up":{"minecraft:sand":1}},"DataVersion":3465}